nome,slopes,lincoeff
1071,0.009103186382327782,0
1071,0.014435992427911378,0
1071,0.008668037259205176,0
1071,0.011865405158492773,0
1071,0.018393237637658776,0
1071,0.012990529536156207,0
